www.youtube.com,
www.youtube.com,
www.youtube.com,
www.youtube.com,
www.youtube.com,
www.youtube.com,
www.youtube.com,
www.youtube.com,
www.youtube.com,
www.youtube.com,
www.youtube.com,
www.youtube.com,
www.youtube.com,
www.youtube.com,
www.youtube.com,
www.youtube.com,
www.youtube.com,
www.youtube.com,
www.youtube.com,
www.youtube.com,
www.youtube.com,
www.youtube.com,
www.youtube.com,
www.youtube.com,
www.youtube.com,
www.youtube.com,
www.youtube.com,
www.youtube.com,
www.youtube.com,
www.youtube.com,
www.youtube.com,
www.youtube.com,
www.youtube.com,
www.youtube.com,
www.youtube.com,
www.youtube.com,
www.youtube.com,
www.youtube.com,
www.youtube.com,
www.youtube.com,
www.youtube.com,
www.youtube.com,
www.youtube.com,
www.youtube.com,
www.youtube.com,
www.youtube.com,
www.youtube.com,
www.youtube.com,
www.youtube.com,
www.youtube.com,
www.youtube.com,
www.youtube.com,
www.youtube.com,
www.youtube.com,
www.youtube.com,
www.youtube.com,
www.youtube.com,
www.youtube.com,
www.youtube.com,
www.youtube.com,
www.youtube.com,
www.youtube.com,
www.youtube.com,
www.youtube.com,
www.youtube.com,
www.youtube.com,
www.youtube.com,
www.youtube.com,
www.youtube.com,
www.youtube.com,
www.youtube.com,
www.youtube.com,
www.youtube.com,
www.youtube.com,
www.youtube.com,
www.youtube.com,
www.youtube.com,
www.youtube.com,
www.youtube.com,
www.youtube.com,
www.youtube.com,
www.youtube.com,
www.youtube.com,
www.youtube.com,
www.youtube.com,
www.youtube.com,
www.youtube.com,
www.youtube.com,
www.youtube.com,
www.youtube.com,
www.youtube.com,
www.youtube.com,
www.youtube.com,
www.youtube.com,
www.youtube.com,
www.youtube.com,
www.youtube.com,
www.youtube.com,
www.youtube.com,
www.youtube.com,
www.youtube.com,
www.youtube.com,
www.youtube.com,
www.youtube.com,
www.youtube.com,
www.youtube.com,
www.youtube.com,
www.youtube.com,
www.youtube.com,
www.youtube.com,
www.youtube.com,
www.youtube.com,
www.youtube.com,
www.youtube.com,
www.youtube.com,
www.youtube.com,
www.youtube.com,
www.youtube.com,
www.youtube.com,
www.youtube.com,
www.youtube.com,
www.youtube.com,
www.youtube.com,
www.youtube.com,
www.youtube.com,
www.youtube.com,
www.youtube.com,
www.youtube.com,
www.youtube.com,
www.youtube.com,
www.youtube.com,
www.youtube.com,
www.youtube.com,
www.youtube.com,
www.youtube.com,
www.youtube.com,
www.youtube.com,
www.youtube.com,
www.youtube.com,
www.youtube.com,
www.youtube.com,
www.youtube.com,
www.youtube.com,
www.youtube.com,
www.youtube.com,
www.youtube.com,
www.youtube.com,
www.youtube.com,
www.youtube.com,
www.youtube.com,
www.youtube.com,
www.youtube.com,
www.youtube.com,
www.youtube.com,
www.youtube.com,
www.youtube.com,
www.youtube.com,
www.youtube.com,
www.youtube.com,
www.youtube.com,
www.youtube.com,
www.youtube.com,
www.youtube.com,
www.youtube.com,
www.youtube.com,
www.youtube.com,
www.youtube.com,
www.youtube.com,
www.youtube.com,
www.youtube.com,
www.youtube.com,
www.youtube.com,
www.youtube.com,
www.youtube.com,
www.youtube.com,
www.youtube.com,
www.youtube.com,
www.youtube.com,
www.youtube.com,
www.youtube.com,
www.youtube.com,
www.youtube.com,
www.youtube.com,
www.youtube.com,
www.youtube.com,
www.youtube.com,
www.youtube.com,
www.youtube.com,
www.youtube.com,
www.youtube.com,
www.youtube.com,
www.youtube.com,
www.youtube.com,
www.youtube.com,
www.youtube.com,
www.youtube.com,
www.youtube.com,
www.youtube.com,
www.youtube.com,
www.youtube.com,
www.youtube.com,
www.youtube.com,
www.youtube.com,
www.youtube.com,
www.youtube.com,
www.youtube.com,
www.youtube.com,
www.youtube.com,
www.youtube.com,
www.youtube.com,
www.youtube.com,
www.youtube.com,
www.youtube.com,
www.youtube.com,
www.youtube.com,
www.youtube.com,
www.youtube.com,
www.youtube.com,
www.youtube.com,
www.youtube.com,
www.youtube.com,
www.youtube.com,
www.youtube.com,
www.youtube.com,
www.youtube.com,
www.youtube.com,
www.youtube.com,
www.youtube.com,
www.youtube.com,
www.youtube.com,
www.youtube.com,
www.youtube.com,
www.youtube.com,
www.youtube.com,
www.youtube.com,
www.youtube.com,
www.youtube.com,
www.youtube.com,
www.youtube.com,
www.youtube.com,
www.youtube.com,
www.youtube.com,
www.youtube.com,
www.youtube.com,
www.youtube.com,
www.youtube.com,
www.youtube.com,
www.youtube.com,
www.youtube.com,
www.youtube.com,
www.youtube.com,
www.youtube.com,
www.youtube.com,
www.youtube.com,
www.youtube.com,
www.youtube.com,
www.youtube.com,
www.youtube.com,
www.youtube.com,
www.youtube.com,
www.youtube.com,
www.youtube.com,
www.youtube.com,
www.youtube.com,
www.youtube.com,
www.youtube.com,
www.youtube.com,
www.youtube.com,
www.youtube.com,
www.youtube.com,
www.youtube.com,
www.youtube.com,
www.youtube.com,
www.youtube.com,
www.youtube.com,
www.youtube.com,
www.youtube.com,
www.youtube.com,
www.youtube.com,
www.youtube.com,
www.youtube.com,
www.youtube.com,
www.youtube.com,
www.youtube.com,
www.youtube.com,
www.youtube.com,
www.youtube.com,
www.youtube.com,
www.youtube.com,
www.youtube.com,
www.youtube.com,
www.youtube.com,
www.youtube.com,
www.youtube.com,
www.youtube.com,
www.youtube.com,
www.youtube.com,
www.youtube.com,
www.youtube.com,
www.youtube.com,
www.youtube.com,
www.youtube.com,
www.youtube.com,
www.youtube.com,
www.youtube.com,
www.youtube.com,
www.youtube.com,
www.youtube.com,
www.youtube.com,
www.youtube.com,
www.youtube.com,
www.youtube.com,
www.youtube.com,
www.youtube.com,
www.youtube.com,
www.youtube.com,
www.youtube.com,
www.youtube.com,
www.youtube.com,
www.youtube.com,
www.youtube.com,
www.youtube.com,
www.youtube.com,
www.youtube.com,
www.youtube.com,
www.youtube.com,
www.youtube.com,
www.youtube.com,
www.youtube.com,
www.youtube.com,
www.youtube.com,
www.youtube.com,
www.youtube.com,
www.youtube.com,
www.youtube.com,
www.youtube.com,
www.youtube.com,
www.youtube.com,
www.youtube.com,
www.youtube.com,
www.youtube.com,
www.youtube.com,
www.youtube.com,
www.youtube.com,
www.youtube.com,
www.youtube.com,
www.youtube.com,
www.youtube.com,
www.youtube.com,
www.youtube.com,
www.youtube.com,
www.youtube.com,
www.youtube.com,
www.youtube.com,
www.youtube.com,
www.youtube.com,
www.youtube.com,
www.youtube.com,
www.youtube.com,
www.youtube.com,
www.youtube.com,
www.youtube.com,
www.youtube.com,
www.youtube.com,
www.youtube.com,
www.youtube.com,
www.youtube.com,
www.youtube.com,
www.youtube.com,
www.youtube.com,
www.youtube.com,
www.youtube.com,
www.youtube.com,
www.youtube.com,
www.youtube.com,
www.youtube.com,
www.youtube.com,
www.youtube.com,
www.youtube.com,
www.youtube.com,
www.youtube.com,
www.youtube.com,
www.youtube.com,
www.youtube.com,
www.youtube.com,
www.youtube.com,
www.youtube.com,
www.youtube.com,
www.youtube.com,
www.youtube.com,
www.youtube.com,
www.youtube.com,
www.youtube.com,
www.youtube.com,
www.youtube.com,
www.youtube.com,
www.youtube.com,
www.youtube.com,
www.youtube.com,
www.youtube.com,
www.youtube.com,
www.youtube.com,
www.youtube.com,
www.youtube.com,
www.youtube.com,
www.youtube.com,
www.youtube.com,
www.youtube.com,
www.youtube.com,
www.youtube.com,
www.youtube.com,
www.youtube.com,
www.youtube.com,
www.youtube.com,
www.youtube.com,
www.youtube.com,
www.youtube.com,
www.youtube.com,
www.youtube.com,
www.youtube.com,
www.youtube.com,
www.youtube.com,
www.youtube.com,
www.youtube.com,
www.youtube.com,
www.youtube.com,
www.youtube.com,
www.youtube.com,
www.youtube.com,
www.youtube.com,
www.youtube.com,
www.youtube.com,
www.youtube.com,
www.youtube.com,
www.youtube.com,
www.youtube.com,
www.youtube.com,
www.youtube.com,
www.youtube.com,
www.youtube.com,
www.youtube.com,
www.youtube.com,
www.youtube.com,
www.youtube.com,
www.youtube.com,
www.youtube.com,
www.youtube.com,
www.youtube.com,
www.youtube.com,
www.youtube.com,
www.youtube.com,
www.youtube.com,
www.youtube.com,
www.youtube.com,
www.youtube.com,
www.youtube.com,
www.youtube.com,
www.youtube.com,
www.youtube.com,
www.youtube.com,
www.youtube.com,
www.youtube.com,
www.youtube.com,
www.youtube.com,
www.youtube.com,
www.youtube.com,
www.youtube.com,
www.youtube.com,
www.youtube.com,
www.youtube.com,
www.youtube.com,
www.youtube.com,
www.youtube.com,
www.youtube.com,
www.youtube.com,
www.youtube.com,
www.youtube.com,
www.youtube.com,
www.youtube.com,
www.youtube.com,
www.youtube.com,
www.youtube.com,
www.youtube.com,
www.youtube.com,
www.youtube.com,
www.youtube.com,
www.youtube.com,
www.youtube.com,
www.youtube.com,
www.youtube.com,
www.youtube.com,
www.youtube.com,
www.youtube.com,
www.youtube.com,
www.youtube.com,
www.youtube.com,
www.youtube.com,
www.youtube.com,
www.youtube.com,
www.youtube.com,
www.youtube.com,
www.youtube.com,
www.youtube.com,
www.youtube.com,
www.youtube.com,
www.youtube.com,
www.youtube.com,
www.youtube.com,
www.youtube.com,
www.youtube.com,
www.youtube.com,
www.youtube.com,
www.youtube.com,
www.youtube.com,
www.youtube.com,
www.youtube.com,
www.youtube.com,
www.youtube.com,
www.youtube.com,
www.youtube.com,
www.youtube.com,
www.youtube.com,
www.youtube.com,
www.youtube.com,
www.youtube.com,
www.youtube.com,
www.youtube.com,
www.youtube.com,
www.youtube.com,
www.youtube.com,
www.youtube.com,
www.youtube.com,
www.youtube.com,
www.youtube.com,
www.youtube.com,
www.youtube.com,
www.youtube.com,
www.youtube.com,
www.youtube.com,
www.youtube.com,
www.youtube.com,
www.youtube.com,
www.youtube.com,
www.youtube.com,
www.youtube.com,
www.youtube.com,
www.youtube.com,
www.youtube.com,
www.youtube.com,
www.youtube.com,
www.youtube.com,
www.youtube.com,
www.youtube.com,
www.youtube.com,
www.youtube.com,
www.youtube.com,
www.youtube.com,
www.youtube.com,
www.youtube.com,
www.youtube.com,
www.youtube.com,
www.youtube.com,
www.youtube.com,
www.youtube.com,
www.youtube.com,
www.youtube.com,
www.youtube.com,
www.youtube.com,
www.youtube.com,
www.youtube.com,
www.youtube.com,
www.youtube.com,
www.youtube.com,
www.youtube.com,
www.youtube.com,
www.youtube.com,
www.youtube.com,
www.youtube.com,
www.youtube.com,
www.youtube.com,
www.youtube.com,
www.youtube.com,
www.youtube.com,
www.youtube.com,
www.youtube.com,
www.youtube.com,
www.youtube.com,
www.youtube.com,
www.youtube.com,
www.youtube.com,
www.youtube.com,
www.youtube.com,
www.youtube.com,
www.youtube.com,
www.youtube.com,
www.youtube.com,
www.youtube.com,
www.youtube.com,
www.youtube.com,
www.youtube.com,
www.youtube.com,
www.youtube.com,
www.youtube.com,
www.youtube.com,
www.youtube.com,
www.youtube.com,
www.youtube.com,
www.youtube.com,
www.youtube.com,
www.youtube.com,
www.youtube.com,
www.youtube.com,
www.youtube.com,
www.youtube.com,
www.youtube.com,
www.youtube.com,
www.youtube.com,
www.youtube.com,
www.youtube.com,
www.youtube.com,
www.youtube.com,
www.youtube.com,
www.youtube.com,
www.youtube.com,
www.youtube.com,
www.youtube.com,
www.youtube.com,
www.youtube.com,
www.youtube.com,
www.youtube.com,
www.youtube.com,
www.youtube.com,
www.youtube.com,
www.youtube.com,
www.youtube.com,
www.youtube.com,
www.youtube.com,
www.youtube.com,
www.youtube.com,
www.youtube.com,
www.youtube.com,
www.youtube.com,
www.youtube.com,
www.youtube.com,
www.youtube.com,
www.youtube.com,
www.youtube.com,
www.youtube.com,
www.youtube.com,
www.youtube.com,
www.youtube.com,
www.youtube.com,
www.youtube.com,
www.youtube.com,
www.youtube.com,
www.youtube.com,
www.youtube.com,
www.youtube.com,
www.youtube.com,
www.youtube.com,
www.youtube.com,
www.youtube.com,
www.youtube.com,
www.youtube.com,
www.youtube.com,
www.youtube.com,
www.youtube.com,
www.youtube.com,
www.youtube.com,
www.youtube.com,
www.youtube.com,
www.youtube.com,
www.youtube.com,
www.youtube.com,
www.youtube.com,
www.youtube.com,
www.youtube.com,
www.youtube.com,
www.youtube.com,
www.youtube.com,
www.youtube.com,
www.youtube.com,
www.youtube.com,
www.youtube.com,
www.youtube.com,
www.youtube.com,
www.youtube.com,
www.youtube.com,
www.youtube.com,
www.youtube.com,
www.youtube.com,
www.youtube.com,
www.youtube.com,
www.youtube.com,
www.youtube.com,
www.youtube.com,
www.youtube.com,
www.youtube.com,
www.youtube.com,
www.youtube.com,
www.youtube.com,
www.youtube.com,
www.youtube.com,
www.youtube.com,
www.youtube.com,
www.youtube.com,
www.youtube.com,
www.youtube.com,
www.youtube.com,
www.youtube.com,
www.youtube.com,
www.youtube.com,
www.youtube.com,
www.youtube.com,
www.youtube.com,
www.youtube.com,
www.youtube.com,
www.youtube.com,
www.youtube.com,
www.youtube.com,
www.youtube.com,
www.youtube.com,
www.youtube.com,
www.youtube.com,
www.youtube.com,
www.youtube.com,
www.youtube.com,
www.youtube.com,
www.youtube.com,
www.youtube.com,
www.youtube.com,
www.youtube.com,
www.youtube.com,
www.youtube.com,
www.youtube.com,
www.youtube.com,
www.youtube.com,
www.youtube.com,
www.youtube.com,
www.youtube.com,
www.youtube.com,
www.youtube.com,
www.youtube.com,
www.youtube.com,
www.youtube.com,
www.youtube.com,
www.youtube.com,
www.youtube.com,
www.youtube.com,
www.youtube.com,
www.youtube.com,
www.youtube.com,
www.youtube.com,
www.youtube.com,
www.youtube.com,
www.youtube.com,
www.youtube.com,
www.youtube.com,
www.youtube.com,
www.youtube.com,
www.youtube.com,
www.youtube.com,
www.youtube.com,
www.youtube.com,
www.youtube.com,
www.youtube.com,
www.youtube.com,
www.youtube.com,
www.youtube.com,
www.youtube.com,
www.youtube.com,
www.youtube.com,
www.youtube.com,
www.youtube.com,
www.youtube.com,
www.youtube.com,
www.youtube.com,
www.youtube.com,
www.youtube.com,
www.youtube.com,
www.youtube.com,
www.youtube.com,
www.youtube.com,
www.youtube.com,
www.youtube.com,
www.youtube.com,
www.youtube.com,
www.youtube.com,
www.youtube.com,
www.youtube.com,
www.youtube.com,
www.youtube.com,
www.youtube.com,
www.youtube.com,
www.youtube.com,
www.youtube.com,
www.youtube.com,
www.youtube.com,
www.youtube.com,
www.youtube.com,
www.youtube.com,
www.youtube.com,
www.youtube.com,
www.youtube.com,
www.youtube.com,
www.youtube.com,
www.youtube.com,
www.youtube.com,
www.youtube.com,
www.youtube.com,
www.youtube.com,
www.youtube.com,
www.youtube.com,
www.youtube.com,
www.youtube.com,
www.youtube.com,
www.youtube.com,
www.youtube.com,
www.youtube.com,
www.youtube.com,
www.youtube.com,
www.youtube.com,
www.youtube.com,
www.youtube.com,
www.youtube.com,
www.youtube.com,
www.youtube.com,
www.youtube.com,
www.youtube.com,
www.youtube.com,
www.youtube.com,
www.youtube.com,
www.youtube.com,
www.youtube.com,
www.youtube.com,
www.youtube.com,
www.youtube.com,
www.youtube.com,
www.youtube.com,
www.youtube.com,
www.youtube.com,
www.youtube.com,
www.youtube.com,
www.youtube.com,
www.youtube.com,
www.youtube.com,
www.youtube.com,
www.youtube.com,
www.youtube.com,
www.youtube.com,
www.youtube.com,
www.youtube.com,
www.youtube.com,
www.youtube.com,
www.youtube.com,
www.youtube.com,
www.youtube.com,
www.youtube.com,
www.youtube.com,
www.youtube.com,
www.youtube.com,
www.youtube.com,
www.youtube.com,
www.youtube.com,
www.youtube.com,
www.youtube.com,
www.youtube.com,
www.youtube.com,
www.youtube.com,
www.youtube.com,
www.youtube.com,
www.youtube.com,
www.youtube.com,
www.youtube.com,
www.youtube.com,
www.youtube.com,
www.youtube.com,
www.youtube.com,
www.youtube.com,
www.youtube.com,
www.youtube.com,
www.youtube.com,
www.youtube.com,
www.youtube.com,
www.youtube.com,
www.youtube.com,
www.youtube.com,
www.youtube.com,
www.youtube.com,
www.youtube.com,
www.youtube.com,
www.youtube.com,
www.youtube.com,
www.youtube.com,
www.youtube.com,
www.youtube.com,
www.youtube.com,
www.youtube.com,
www.youtube.com,
www.youtube.com,
www.youtube.com,
www.youtube.com,
www.youtube.com,
www.youtube.com,
www.youtube.com,
www.youtube.com,
www.youtube.com,
www.youtube.com,
www.youtube.com,
www.youtube.com,
www.youtube.com,
www.youtube.com,
www.youtube.com,
www.youtube.com,
www.youtube.com,
www.youtube.com,
www.youtube.com,
www.youtube.com,
www.youtube.com,
www.youtube.com,
www.youtube.com,
www.youtube.com,
www.youtube.com,
www.youtube.com,
www.youtube.com,
www.youtube.com,
www.youtube.com,
www.youtube.com,
www.youtube.com,
www.youtube.com,
www.youtube.com,
www.youtube.com,
www.youtube.com,
www.youtube.com,
www.youtube.com,
www.youtube.com,
www.youtube.com,
www.youtube.com,
www.youtube.com,
www.youtube.com,
www.youtube.com,
www.youtube.com,
www.youtube.com,
www.youtube.com,
www.youtube.com,
www.youtube.com,
www.youtube.com,
www.youtube.com,
www.youtube.com,
www.youtube.com,
www.youtube.com,
www.youtube.com,
www.youtube.com,
www.youtube.com,
www.youtube.com,
www.youtube.com,
www.youtube.com,
www.youtube.com,
www.youtube.com,
www.youtube.com,
www.youtube.com,
www.youtube.com,
www.youtube.com,
www.youtube.com,
www.youtube.com,
www.youtube.com,
www.youtube.com,
www.youtube.com,
www.youtube.com,
www.youtube.com,
www.youtube.com,
www.youtube.com,
www.youtube.com,
www.youtube.com,
www.youtube.com,
www.youtube.com,
www.youtube.com,
www.youtube.com,
www.youtube.com,
www.youtube.com,
www.youtube.com,
www.youtube.com,
www.youtube.com,
www.youtube.com,
www.youtube.com,
www.youtube.com,
www.youtube.com,
www.youtube.com,
www.youtube.com,
www.youtube.com,
www.youtube.com,
www.youtube.com,
www.youtube.com,
www.youtube.com,
www.youtube.com,
www.youtube.com,
www.youtube.com,
www.youtube.com,
www.youtube.com,
www.youtube.com,
www.youtube.com,
www.youtube.com,
www.youtube.com,
www.youtube.com,
www.youtube.com,
www.youtube.com,
www.youtube.com,
www.youtube.com,
www.youtube.com,
www.youtube.com,
www.youtube.com,
www.youtube.com,
www.youtube.com,
www.youtube.com,
www.youtube.com,
www.youtube.com,
www.youtube.com,
www.youtube.com,
www.youtube.com,
www.youtube.com,
www.youtube.com,
www.youtube.com,
www.youtube.com,
www.youtube.com,
www.youtube.com,
www.youtube.com,
www.youtube.com,
www.youtube.com,
www.youtube.com,
www.youtube.com,
www.youtube.com,
www.youtube.com,
www.youtube.com,
www.youtube.com,
www.youtube.com,
www.youtube.com,
www.youtube.com,
www.youtube.com,
www.youtube.com,
www.youtube.com,
www.youtube.com,
www.youtube.com,
www.youtube.com,
www.youtube.com,
www.youtube.com,
www.youtube.com,
www.youtube.com,
www.youtube.com,
www.youtube.com,
www.youtube.com,
www.youtube.com,
www.youtube.com,
www.youtube.com,
www.youtube.com,
www.youtube.com,
www.youtube.com,
www.youtube.com,
www.youtube.com,
www.youtube.com,
www.youtube.com,
www.youtube.com,
www.youtube.com,
www.youtube.com,
www.youtube.com,
www.youtube.com,
www.youtube.com,
www.youtube.com,
www.youtube.com,
www.youtube.com,
www.youtube.com,
www.youtube.com,
www.youtube.com,
www.youtube.com,
www.youtube.com,
www.youtube.com,
www.youtube.com,
www.youtube.com,
www.youtube.com,
www.youtube.com,
www.youtube.com,
www.youtube.com,
www.youtube.com,
www.youtube.com,
www.youtube.com,
www.youtube.com,
www.youtube.com,
www.youtube.com,
www.youtube.com,
www.youtube.com,
www.youtube.com,
www.youtube.com,
www.youtube.com,
www.youtube.com,
www.youtube.com,
www.youtube.com,
www.youtube.com,
www.youtube.com,
www.youtube.com,
www.youtube.com,
www.youtube.com,
www.youtube.com,
www.youtube.com,
www.youtube.com,
www.youtube.com,
www.youtube.com,
www.youtube.com,
www.youtube.com,
www.youtube.com,
www.youtube.com,
www.youtube.com,
www.youtube.com,
www.youtube.com,
www.youtube.com,
www.youtube.com,
www.youtube.com,
www.youtube.com,
www.youtube.com,
www.youtube.com,
www.youtube.com,
www.youtube.com,
www.youtube.com,
www.youtube.com,
www.youtube.com,
www.youtube.com,
www.youtube.com,
www.youtube.com,
www.youtube.com,
www.youtube.com,
www.youtube.com,
www.youtube.com,
www.youtube.com,
www.youtube.com,
www.youtube.com,
www.youtube.com,
www.youtube.com,
www.youtube.com,
www.youtube.com,
www.youtube.com,
www.youtube.com,
www.youtube.com,
www.youtube.com,
www.youtube.com,
www.youtube.com,
www.youtube.com,
www.youtube.com,
www.youtube.com,
www.youtube.com,
www.youtube.com,
www.youtube.com,
www.youtube.com,
www.youtube.com,
www.youtube.com,
www.youtube.com,
www.youtube.com,
www.youtube.com,
www.youtube.com,
www.youtube.com,
www.youtube.com,
www.youtube.com,
www.youtube.com,
www.youtube.com,
www.youtube.com,
www.youtube.com,
www.youtube.com,
www.youtube.com,
www.youtube.com,
www.youtube.com,
www.youtube.com,
www.youtube.com,
www.youtube.com,
www.youtube.com,
www.youtube.com,
www.youtube.com,
www.youtube.com,
www.youtube.com,
www.youtube.com,
www.youtube.com,
www.youtube.com,
www.youtube.com,
www.youtube.com,
www.youtube.com,
www.youtube.com,
www.youtube.com,
www.youtube.com,
www.youtube.com,
www.youtube.com,
www.youtube.com,
www.youtube.com,
www.youtube.com,
www.youtube.com,
www.youtube.com,
www.youtube.com,
www.youtube.com,
www.youtube.com,
www.youtube.com,
www.youtube.com,
www.youtube.com,
www.youtube.com,
www.youtube.com,
www.youtube.com,
www.youtube.com,
www.youtube.com,
www.youtube.com,
www.youtube.com,
www.youtube.com,
www.youtube.com,
www.youtube.com,
www.youtube.com,
www.youtube.com,
www.youtube.com,
www.youtube.com,
www.youtube.com,
www.youtube.com,
www.youtube.com,
www.youtube.com,
www.youtube.com,
www.youtube.com,
www.youtube.com,
www.youtube.com,
www.youtube.com,
www.youtube.com,
www.youtube.com,
www.youtube.com,
www.youtube.com,
www.youtube.com,
www.youtube.com,
www.youtube.com,
www.youtube.com,
www.youtube.com,
www.youtube.com,
www.youtube.com,
www.youtube.com,
www.youtube.com,
www.youtube.com,
www.youtube.com,
www.youtube.com,
www.youtube.com,
www.youtube.com,
www.youtube.com,
www.youtube.com,
www.youtube.com,
www.youtube.com,
www.youtube.com,
www.youtube.com,
www.youtube.com,
www.youtube.com,
www.youtube.com,
www.youtube.com,
www.youtube.com,
www.youtube.com,
www.youtube.com,
www.youtube.com,
www.youtube.com,
www.youtube.com,
www.youtube.com,
www.youtube.com,
www.youtube.com,
www.youtube.com,
www.youtube.com,
www.youtube.com,
www.youtube.com,
www.youtube.com,
www.youtube.com,
www.youtube.com,
www.youtube.com,
www.youtube.com,
www.youtube.com,
www.youtube.com,
www.youtube.com,
www.youtube.com,
www.youtube.com,
www.youtube.com,
www.youtube.com,
www.youtube.com,
www.youtube.com,
www.youtube.com,
www.youtube.com,
www.youtube.com,
www.youtube.com,
www.youtube.com,
www.youtube.com,
www.youtube.com,
www.youtube.com,
www.youtube.com,
www.youtube.com,
www.youtube.com,
www.youtube.com,
www.youtube.com,
www.youtube.com,
www.youtube.com,
www.youtube.com,
www.youtube.com,
www.youtube.com,
www.youtube.com,
www.youtube.com,
www.youtube.com,
www.youtube.com,
www.youtube.com,
www.youtube.com,
www.youtube.com,
www.youtube.com,
www.youtube.com,
www.youtube.com,
www.youtube.com,
www.youtube.com,
www.youtube.com,
www.youtube.com,
www.youtube.com,
www.youtube.com,
www.youtube.com,
www.youtube.com,
www.youtube.com,
www.youtube.com,
www.youtube.com,
www.youtube.com,
www.youtube.com,
www.youtube.com,
www.youtube.com,
www.youtube.com,
www.youtube.com,
www.youtube.com,
www.youtube.com,
www.youtube.com,
www.youtube.com,
www.youtube.com,
www.youtube.com,
www.youtube.com,
www.youtube.com,
www.youtube.com,
www.youtube.com,
www.youtube.com,
www.youtube.com,
www.youtube.com,
www.youtube.com,
www.youtube.com,
www.youtube.com,
www.youtube.com,
www.youtube.com,
www.youtube.com,
www.youtube.com,
www.youtube.com,
www.youtube.com,
www.youtube.com,
www.youtube.com,
www.youtube.com,
www.youtube.com,
www.youtube.com,
www.youtube.com,
www.youtube.com,
www.youtube.com,
www.youtube.com,
www.youtube.com,
www.youtube.com,
www.youtube.com,
www.youtube.com,
www.youtube.com,
www.youtube.com,
www.youtube.com,
www.youtube.com,
www.youtube.com,
www.youtube.com,
www.youtube.com,
www.youtube.com,
www.youtube.com,
www.youtube.com,
www.youtube.com,
www.youtube.com,
www.youtube.com,
www.youtube.com,
www.youtube.com,
www.youtube.com,
www.youtube.com,
www.youtube.com,
www.youtube.com,
www.youtube.com,
www.youtube.com,
www.youtube.com,
www.youtube.com,
www.youtube.com,
www.youtube.com,
www.youtube.com,
www.youtube.com,
www.youtube.com,
www.youtube.com,
www.youtube.com,
www.youtube.com,
www.youtube.com,
www.youtube.com,
www.youtube.com,
www.youtube.com,
www.youtube.com,
www.youtube.com,
www.youtube.com,
www.youtube.com,
www.youtube.com,
www.youtube.com,
www.youtube.com,
www.youtube.com,
www.youtube.com,
www.youtube.com,
www.youtube.com,
www.youtube.com,
www.youtube.com,
www.youtube.com,
www.youtube.com,
www.youtube.com,
www.youtube.com,
www.youtube.com,
www.youtube.com,
www.youtube.com,
www.youtube.com,
www.youtube.com,
www.youtube.com,
www.youtube.com,
www.youtube.com,
www.youtube.com,
www.youtube.com,
www.youtube.com,
www.youtube.com,
www.youtube.com,
www.youtube.com,
www.youtube.com,
www.youtube.com,
www.youtube.com,
www.youtube.com,
www.youtube.com,
www.youtube.com,
www.youtube.com,
www.youtube.com,
www.youtube.com,
www.youtube.com,
www.youtube.com,
www.youtube.com,
www.youtube.com,
www.youtube.com,
www.youtube.com,
www.youtube.com,
www.youtube.com,
www.youtube.com,
www.youtube.com,
www.youtube.com,
www.youtube.com,
www.youtube.com,
www.youtube.com,
www.youtube.com,
www.youtube.com,
www.youtube.com,
www.youtube.com,
www.youtube.com,
www.youtube.com,
www.youtube.com,
www.youtube.com,
www.youtube.com,
www.youtube.com,
www.youtube.com,
www.youtube.com,
www.youtube.com,
www.youtube.com,
www.youtube.com,
www.youtube.com,
www.youtube.com,
www.youtube.com,
www.youtube.com,
www.youtube.com,
www.youtube.com,
www.youtube.com,
www.youtube.com,
www.youtube.com,
www.youtube.com,
www.youtube.com,
www.youtube.com,
www.youtube.com,
www.youtube.com,
www.youtube.com,
www.youtube.com,
www.youtube.com,
www.youtube.com,
www.youtube.com,
www.youtube.com,
www.youtube.com,
www.youtube.com,
www.youtube.com,
www.youtube.com,
www.youtube.com,
www.youtube.com,
www.youtube.com,
www.youtube.com,
www.youtube.com,
www.youtube.com,
www.youtube.com,
www.youtube.com,
www.youtube.com,
www.youtube.com,
www.youtube.com,
www.youtube.com,
www.youtube.com,
www.youtube.com,
www.youtube.com,
www.youtube.com,
www.youtube.com,
www.youtube.com,
www.youtube.com,
www.youtube.com,
www.youtube.com,
www.youtube.com,
www.youtube.com,
www.youtube.com,
www.youtube.com,
www.youtube.com,
www.youtube.com,
www.youtube.com,
www.youtube.com,
www.youtube.com,
www.youtube.com,
www.youtube.com,
www.youtube.com,
www.youtube.com,
www.youtube.com,
www.youtube.com,
www.youtube.com,
www.youtube.com,
www.youtube.com,
www.youtube.com,
www.youtube.com,
www.youtube.com,
www.youtube.com,
www.youtube.com,
www.youtube.com,
www.youtube.com,
www.youtube.com,
www.youtube.com,
www.youtube.com,
www.youtube.com,
www.youtube.com,
www.youtube.com,
www.youtube.com,
www.youtube.com,
www.youtube.com,
www.youtube.com,
www.youtube.com,
www.youtube.com,
www.youtube.com,
www.youtube.com,
www.youtube.com,
www.youtube.com,
www.youtube.com,
www.youtube.com,
www.youtube.com,
www.youtube.com,
www.youtube.com,
www.youtube.com,
www.youtube.com,
www.youtube.com,
www.youtube.com,
www.youtube.com,
www.youtube.com,
www.youtube.com,
www.youtube.com,
www.youtube.com,
www.youtube.com,
www.youtube.com,
www.youtube.com,
www.youtube.com,
www.youtube.com,
www.youtube.com,
www.youtube.com,
www.youtube.com,
www.youtube.com,
www.youtube.com,
www.youtube.com,
www.youtube.com,
www.youtube.com,
www.youtube.com,
www.youtube.com,
www.youtube.com,
www.youtube.com,
www.youtube.com,
www.youtube.com,
www.youtube.com,
www.youtube.com,
www.youtube.com,
www.youtube.com,
www.youtube.com,
www.youtube.com,
www.youtube.com,
www.youtube.com,
www.youtube.com,
www.youtube.com,
www.youtube.com,
www.youtube.com,
www.youtube.com,
www.youtube.com,
www.youtube.com,
www.youtube.com,
www.youtube.com,
www.youtube.com,
www.youtube.com,
www.youtube.com,
www.youtube.com,
www.youtube.com,
www.youtube.com,
www.youtube.com,
www.youtube.com,
www.youtube.com,
www.youtube.com,
www.youtube.com,
www.youtube.com,
www.youtube.com,
www.youtube.com,
www.youtube.com,
www.youtube.com,
www.youtube.com,
www.youtube.com,
www.youtube.com,
www.youtube.com,
www.youtube.com,
www.youtube.com,
www.youtube.com,
www.youtube.com,
www.youtube.com,
www.youtube.com,
www.youtube.com,
www.youtube.com,
www.youtube.com,
www.youtube.com,
www.youtube.com,
www.youtube.com,
www.youtube.com,
www.youtube.com,
www.youtube.com,
www.youtube.com,
www.youtube.com,
www.youtube.com,
www.youtube.com,
www.youtube.com,
www.youtube.com,
www.youtube.com,
www.youtube.com,
www.youtube.com,
www.youtube.com,
www.youtube.com,
www.youtube.com,
www.youtube.com,
www.youtube.com,
www.youtube.com,
www.youtube.com,
www.youtube.com,
www.youtube.com,
www.youtube.com,
www.youtube.com,
www.youtube.com,
www.youtube.com,
www.youtube.com,
www.youtube.com,
www.youtube.com,
www.youtube.com,
www.youtube.com,
www.youtube.com,
www.youtube.com,
www.youtube.com,
www.youtube.com,
www.youtube.com,
www.youtube.com,
www.youtube.com,
www.youtube.com,
www.youtube.com,
www.youtube.com,
www.youtube.com,
www.youtube.com,
www.youtube.com,
www.youtube.com,
www.youtube.com,
www.youtube.com,
www.youtube.com,
www.youtube.com,
www.youtube.com,
www.youtube.com,
www.youtube.com,
www.youtube.com,
www.youtube.com,
www.youtube.com,
www.youtube.com,
www.youtube.com,
www.youtube.com,
www.youtube.com,
www.youtube.com,
www.youtube.com,
www.youtube.com,
www.youtube.com,
www.youtube.com,
www.youtube.com,
www.youtube.com,
www.youtube.com,
www.youtube.com,
www.youtube.com,
www.youtube.com,
www.youtube.com,
www.youtube.com,
www.youtube.com,
www.youtube.com,
www.youtube.com,
www.youtube.com,
www.youtube.com,
www.youtube.com,
www.youtube.com,
www.youtube.com,
www.youtube.com,
www.youtube.com,
www.youtube.com,
www.youtube.com,
www.youtube.com,
www.youtube.com,
www.youtube.com,
www.youtube.com,
www.youtube.com,
www.youtube.com,
www.youtube.com,
www.youtube.com,
www.youtube.com,
www.youtube.com,
www.youtube.com,
www.youtube.com,
www.youtube.com,
www.youtube.com,
www.youtube.com,
www.youtube.com,
www.youtube.com,
www.youtube.com,
www.youtube.com,
www.youtube.com,
www.youtube.com,
www.youtube.com,
www.youtube.com,
www.youtube.com,
www.youtube.com,
www.youtube.com,
www.youtube.com,
www.youtube.com,
www.youtube.com,
www.youtube.com,
www.youtube.com,
www.youtube.com,
www.youtube.com,
www.youtube.com,
www.youtube.com,
www.youtube.com,
www.youtube.com,
www.youtube.com,
www.youtube.com,
www.youtube.com,
www.youtube.com,
www.youtube.com,
www.youtube.com,
www.youtube.com,
www.youtube.com,
www.youtube.com,
www.youtube.com,
www.youtube.com,
www.youtube.com,
www.youtube.com,
www.youtube.com,
www.youtube.com,
www.youtube.com,
www.youtube.com,
www.youtube.com,
www.youtube.com,
www.youtube.com,
www.youtube.com,
www.youtube.com,
www.youtube.com,
www.youtube.com,
www.youtube.com,
www.youtube.com,
www.youtube.com,
www.youtube.com,
www.youtube.com,
www.youtube.com,
www.youtube.com,
www.youtube.com,
www.youtube.com,
www.youtube.com,
www.youtube.com,
www.youtube.com,
www.youtube.com,
www.youtube.com,
www.youtube.com,
www.youtube.com,
www.youtube.com,
www.youtube.com,
www.youtube.com,
www.youtube.com,
www.youtube.com,
www.youtube.com,
www.youtube.com,
www.youtube.com,
www.youtube.com,
www.youtube.com,
www.youtube.com,
www.youtube.com,
www.youtube.com,
www.youtube.com,
www.youtube.com,
www.youtube.com,
www.youtube.com,
www.youtube.com,
www.youtube.com,
www.youtube.com,
www.youtube.com,
www.youtube.com,
www.youtube.com,
www.youtube.com,
www.youtube.com,
www.youtube.com,
www.youtube.com,
www.youtube.com,
www.youtube.com,
www.youtube.com,
www.youtube.com,
www.youtube.com,
www.youtube.com,
www.youtube.com,
www.youtube.com,
www.youtube.com,
www.youtube.com,
www.youtube.com,
www.youtube.com,
www.youtube.com,
www.youtube.com,
www.youtube.com,
www.youtube.com,
www.youtube.com,
www.youtube.com,
www.youtube.com,
www.youtube.com,
www.youtube.com,
www.youtube.com,
www.youtube.com,
www.youtube.com,
www.youtube.com,
www.youtube.com,
www.youtube.com,
www.youtube.com,
www.youtube.com,
www.youtube.com,
www.youtube.com,
www.youtube.com,
www.youtube.com,
www.youtube.com,
www.youtube.com,
www.youtube.com,
www.youtube.com,
www.youtube.com,
www.youtube.com,
www.youtube.com,
www.youtube.com,
www.youtube.com,
www.youtube.com,
www.youtube.com,
www.youtube.com,
www.youtube.com,
www.youtube.com,
www.youtube.com,
www.youtube.com,
www.youtube.com,
www.youtube.com,
www.youtube.com,
www.youtube.com,
www.youtube.com,
www.youtube.com,
www.youtube.com,
www.youtube.com,
www.youtube.com,
www.youtube.com,
www.youtube.com,
www.youtube.com,
www.youtube.com,
www.youtube.com,
www.youtube.com,
www.youtube.com,
www.youtube.com,
www.youtube.com,
www.youtube.com,
www.youtube.com,
www.youtube.com,
www.youtube.com,
www.youtube.com,
www.youtube.com,
www.youtube.com,
www.youtube.com,
www.youtube.com,
www.youtube.com,
www.youtube.com,
www.youtube.com,
www.youtube.com,
www.youtube.com,
www.youtube.com,
www.youtube.com,
www.youtube.com,
www.youtube.com,
www.youtube.com,
www.youtube.com,
www.youtube.com,
www.youtube.com,
www.youtube.com,
www.youtube.com,
www.youtube.com,
www.youtube.com,
www.youtube.com,
www.youtube.com,
www.youtube.com,
www.youtube.com,
www.youtube.com,
www.youtube.com,
www.youtube.com,
www.youtube.com,
www.youtube.com,
www.youtube.com,
www.youtube.com,
www.youtube.com,
www.youtube.com,
www.youtube.com,
www.youtube.com,
www.youtube.com,
www.youtube.com,
www.youtube.com,
www.youtube.com,
www.youtube.com,
www.youtube.com,
www.youtube.com,
www.youtube.com,
www.youtube.com,
www.youtube.com,
www.youtube.com,
www.youtube.com,
www.youtube.com,
www.youtube.com,
www.youtube.com,
www.youtube.com,
www.youtube.com,
www.youtube.com,
www.youtube.com,
www.youtube.com,
www.youtube.com,
www.youtube.com,
www.youtube.com,
www.youtube.com,
www.youtube.com,
www.youtube.com,
www.youtube.com,
www.youtube.com,
www.youtube.com,
www.youtube.com,
www.youtube.com,
www.youtube.com,
www.youtube.com,
www.youtube.com,
www.youtube.com,
www.youtube.com,
www.youtube.com,
www.youtube.com,
www.youtube.com,
www.youtube.com,
www.youtube.com,
www.youtube.com,
www.youtube.com,
www.youtube.com,
www.youtube.com,
www.youtube.com,
www.youtube.com,
www.youtube.com,
www.youtube.com,
www.youtube.com,
www.youtube.com,
www.youtube.com,
www.youtube.com,
www.youtube.com,
www.youtube.com,
www.youtube.com,
www.youtube.com,
www.youtube.com,
www.youtube.com,
www.youtube.com,
www.youtube.com,
www.youtube.com,
www.youtube.com,
www.youtube.com,
www.youtube.com,
www.youtube.com,
www.youtube.com,
www.youtube.com,
www.youtube.com,
www.youtube.com,
www.youtube.com,
www.youtube.com,
www.youtube.com,
www.youtube.com,
www.youtube.com,
www.youtube.com,
www.youtube.com,
www.youtube.com,
www.youtube.com,
www.youtube.com,
www.youtube.com,
www.youtube.com,
www.youtube.com,
www.youtube.com,
www.youtube.com,
www.youtube.com,
www.youtube.com,
www.youtube.com,
www.youtube.com,
www.youtube.com,
www.youtube.com,
www.youtube.com,
www.youtube.com,
www.youtube.com,
www.youtube.com,
www.youtube.com,
www.youtube.com,
www.youtube.com,
www.youtube.com,
www.youtube.com,
www.youtube.com,
www.youtube.com,
www.youtube.com,
www.youtube.com,
www.youtube.com,
www.youtube.com,
www.youtube.com,
www.youtube.com,
www.youtube.com,
www.youtube.com,
www.youtube.com,
www.youtube.com,
www.youtube.com,
www.youtube.com,
www.youtube.com,
www.youtube.com,
www.youtube.com,
www.youtube.com,
www.youtube.com,
www.youtube.com,
www.youtube.com,
www.youtube.com,
www.youtube.com,
www.youtube.com,
www.youtube.com,
www.youtube.com,
www.youtube.com,
www.youtube.com,
www.youtube.com,
www.youtube.com,
www.youtube.com,
www.youtube.com,
www.youtube.com,
www.youtube.com,
www.youtube.com,
www.youtube.com,
www.youtube.com,
www.youtube.com,
www.youtube.com,
www.youtube.com,
www.youtube.com,
www.youtube.com,
www.youtube.com,
www.youtube.com,
www.youtube.com,
www.youtube.com,
www.youtube.com,
www.youtube.com,
www.youtube.com,
www.youtube.com,
www.youtube.com,
www.youtube.com,
www.youtube.com,
www.youtube.com,
www.youtube.com,
www.youtube.com,
www.youtube.com,
www.youtube.com,
www.youtube.com,
www.youtube.com,
www.youtube.com,
www.youtube.com,
www.youtube.com,
www.youtube.com,
www.youtube.com,
www.youtube.com,
www.youtube.com,
www.youtube.com,
www.youtube.com,
www.youtube.com,
www.youtube.com,
www.youtube.com,
www.youtube.com,
www.youtube.com,
www.youtube.com,
www.youtube.com,
www.youtube.com,
www.youtube.com,
www.youtube.com,
www.youtube.com,
www.youtube.com,
www.youtube.com,
www.youtube.com,
www.youtube.com,
www.youtube.com,
www.youtube.com,
www.youtube.com,
www.youtube.com,
www.youtube.com,
www.youtube.com,
www.youtube.com,
www.youtube.com,
www.youtube.com,
www.youtube.com,
www.youtube.com,
www.youtube.com,
www.youtube.com,
www.youtube.com,
www.youtube.com,
www.youtube.com,
www.youtube.com,
www.youtube.com,
www.youtube.com,
www.youtube.com,
www.youtube.com,
www.youtube.com,
www.youtube.com,
www.youtube.com,
www.youtube.com,
www.youtube.com,
www.youtube.com,
www.youtube.com,
www.youtube.com,
www.youtube.com,
www.youtube.com,
www.youtube.com,
www.youtube.com,
www.youtube.com,
www.youtube.com,
www.youtube.com,
www.youtube.com,
www.youtube.com,
www.youtube.com,
www.youtube.com,
www.youtube.com,
www.youtube.com,
www.youtube.com,
www.youtube.com,
www.youtube.com,
www.youtube.com,
www.youtube.com,
www.youtube.com,
www.youtube.com,
www.youtube.com,
www.youtube.com,
www.youtube.com,
www.youtube.com,
www.youtube.com,
www.youtube.com,
www.youtube.com,
www.youtube.com,
www.youtube.com,
www.youtube.com,
www.youtube.com,
www.youtube.com,
www.youtube.com,
www.youtube.com,
www.youtube.com,
www.youtube.com,
www.youtube.com,
www.youtube.com,
www.youtube.com,
www.youtube.com,
www.youtube.com,
www.youtube.com,
www.youtube.com,
www.youtube.com,
www.youtube.com,
www.youtube.com,
www.youtube.com,
www.youtube.com,
www.youtube.com,
www.youtube.com,
www.youtube.com,
www.youtube.com,
www.youtube.com,
www.youtube.com,
www.youtube.com,
www.youtube.com,
www.youtube.com,
www.youtube.com,
www.youtube.com,
www.youtube.com,
www.youtube.com,
www.youtube.com,
www.youtube.com,
www.youtube.com,
www.youtube.com,
www.youtube.com,
www.youtube.com,
www.youtube.com,
www.youtube.com,
www.youtube.com,
www.youtube.com,
www.youtube.com,
www.youtube.com,
www.youtube.com,
www.youtube.com,
www.youtube.com,
www.youtube.com,
www.youtube.com,
www.youtube.com,
www.youtube.com,
www.youtube.com,
www.youtube.com,
www.youtube.com,
www.youtube.com,
www.youtube.com,
www.youtube.com,
www.youtube.com,
www.youtube.com,
www.youtube.com,
www.youtube.com,
www.youtube.com,
www.youtube.com,
www.youtube.com,
www.youtube.com,
www.youtube.com,
www.youtube.com,
www.youtube.com,
www.youtube.com,
www.youtube.com,
www.youtube.com,
www.youtube.com,
www.youtube.com,
www.youtube.com,
www.youtube.com,
www.youtube.com,
www.youtube.com,
www.youtube.com,
www.youtube.com,
www.youtube.com,
www.youtube.com,
www.youtube.com,
www.youtube.com,
www.youtube.com,
www.youtube.com,
www.youtube.com,
www.youtube.com,
www.youtube.com,
www.youtube.com,
www.youtube.com,
www.youtube.com,
www.youtube.com,
www.youtube.com,
www.youtube.com,
www.youtube.com,
www.youtube.com,
www.youtube.com,
www.youtube.com,
www.youtube.com,
www.youtube.com,
www.youtube.com,
www.youtube.com,
www.youtube.com,
www.youtube.com,
www.youtube.com,
www.youtube.com,
www.youtube.com,
www.youtube.com,
www.youtube.com,
www.youtube.com,
www.youtube.com,
www.youtube.com,
www.youtube.com,
www.youtube.com,
www.youtube.com,
www.youtube.com,
www.youtube.com,
www.youtube.com,
www.youtube.com,
www.youtube.com,
www.youtube.com,
www.youtube.com,
www.youtube.com,
www.youtube.com,
www.youtube.com,
www.youtube.com,
www.youtube.com,
www.youtube.com,
www.youtube.com,
www.youtube.com,
www.youtube.com,
www.youtube.com,
www.youtube.com,
www.youtube.com,
www.youtube.com,
www.youtube.com,
www.youtube.com,
www.youtube.com,
www.youtube.com,
www.youtube.com,
www.youtube.com,
www.youtube.com,
www.youtube.com,
www.youtube.com,
www.youtube.com,
www.youtube.com,
www.youtube.com,
www.youtube.com,
www.youtube.com,
www.youtube.com,
www.youtube.com,
www.youtube.com,
www.youtube.com,
www.youtube.com,
www.youtube.com,
www.youtube.com,
www.youtube.com,
www.youtube.com,
www.youtube.com,
www.youtube.com,
www.youtube.com,
www.youtube.com,
www.youtube.com,
www.youtube.com,
www.youtube.com,
www.youtube.com,
www.youtube.com,
www.youtube.com,
www.youtube.com,
www.youtube.com,
www.youtube.com,
www.youtube.com,
www.youtube.com,
www.youtube.com,
www.youtube.com,
www.youtube.com,
www.youtube.com,
www.youtube.com,
www.youtube.com,
www.youtube.com,
www.youtube.com,
www.youtube.com,
www.youtube.com,
www.youtube.com,
www.youtube.com,
www.youtube.com,
www.youtube.com,
www.youtube.com,
www.youtube.com,
www.youtube.com,
www.youtube.com,
www.youtube.com,
www.youtube.com,
www.youtube.com,
www.youtube.com,
www.youtube.com,
www.youtube.com,
www.youtube.com,
www.youtube.com,
www.youtube.com,
www.youtube.com,
www.youtube.com,
www.youtube.com,
www.youtube.com,
www.youtube.com,
www.youtube.com,
www.youtube.com,
www.youtube.com,
www.youtube.com,
www.youtube.com,
www.youtube.com,
www.youtube.com,
www.youtube.com,
www.youtube.com,
www.youtube.com,
www.youtube.com,
www.youtube.com,
www.youtube.com,
www.youtube.com,
www.youtube.com,
www.youtube.com,
www.youtube.com,
www.youtube.com,
www.youtube.com,
www.youtube.com,
www.youtube.com,
www.youtube.com,
www.youtube.com,
www.youtube.com,
www.youtube.com,
www.youtube.com,
www.youtube.com,
www.youtube.com,
www.youtube.com,
www.youtube.com,
www.youtube.com,
www.youtube.com,
www.youtube.com,
www.youtube.com,
www.youtube.com,
www.youtube.com,
www.youtube.com,
www.youtube.com,
www.youtube.com,
www.youtube.com,
www.youtube.com,
www.youtube.com,
www.youtube.com,
www.youtube.com,
www.youtube.com,
www.youtube.com,
www.youtube.com,
www.youtube.com,
www.youtube.com,
www.youtube.com,
www.youtube.com,
www.youtube.com,
www.youtube.com,
www.youtube.com,
www.youtube.com,
www.youtube.com,
www.youtube.com,
www.youtube.com,
www.youtube.com,
www.youtube.com,
www.youtube.com,
www.youtube.com,
www.youtube.com,
www.youtube.com,
www.youtube.com,
www.youtube.com,
www.youtube.com,
www.youtube.com,
www.youtube.com,
www.youtube.com,
www.youtube.com,
www.youtube.com,
www.youtube.com,
www.youtube.com,
www.youtube.com,
www.youtube.com,
www.youtube.com,
www.youtube.com,
www.youtube.com,
www.youtube.com,
www.youtube.com,
www.youtube.com,
www.youtube.com,
www.youtube.com,
www.youtube.com,
www.youtube.com,
www.youtube.com,
www.youtube.com,
www.youtube.com,
www.youtube.com,
www.youtube.com,
www.youtube.com,
www.youtube.com,
www.youtube.com,
www.youtube.com,
www.youtube.com,
www.youtube.com,
www.youtube.com,
www.youtube.com,
www.youtube.com,
www.youtube.com,
www.youtube.com,
www.youtube.com,
www.youtube.com,
www.youtube.com,
www.youtube.com,
www.youtube.com,
www.youtube.com,
www.youtube.com,
www.youtube.com,
www.youtube.com,
www.youtube.com,
www.youtube.com,
www.youtube.com,
www.youtube.com,
www.youtube.com,
www.youtube.com,
www.youtube.com,
www.youtube.com,
www.youtube.com,
www.youtube.com,
www.youtube.com,
www.youtube.com,
www.youtube.com,
www.youtube.com,
www.youtube.com,
www.youtube.com,
www.youtube.com,
www.youtube.com,
www.youtube.com,
www.youtube.com,
www.youtube.com,
www.youtube.com,
www.youtube.com,
www.youtube.com,
www.youtube.com,
www.youtube.com,
www.youtube.com,
www.youtube.com,
www.youtube.com,
www.youtube.com,
www.youtube.com,
www.youtube.com,
www.youtube.com,
www.youtube.com,
www.youtube.com,
www.youtube.com,
www.youtube.com,
www.youtube.com,
www.youtube.com,
www.youtube.com,
www.youtube.com,
www.youtube.com,
www.youtube.com,
www.youtube.com,
www.youtube.com,
www.youtube.com,
www.youtube.com,
www.youtube.com,
www.youtube.com,
www.youtube.com,
www.youtube.com,
www.youtube.com,
www.youtube.com,
www.youtube.com,
www.youtube.com,
www.youtube.com,
www.youtube.com,
www.youtube.com,
www.youtube.com,
www.youtube.com,
www.youtube.com,
www.youtube.com,
www.youtube.com,
www.youtube.com,
www.youtube.com,
www.youtube.com,
www.youtube.com,
www.youtube.com,
www.youtube.com,
www.youtube.com,
www.youtube.com,
www.youtube.com,
www.youtube.com,
www.youtube.com,
www.youtube.com,
www.youtube.com,
www.youtube.com,
www.youtube.com,
www.youtube.com,
www.youtube.com,
www.youtube.com,
www.youtube.com,
www.youtube.com,
www.youtube.com,
www.youtube.com,
www.youtube.com,
www.youtube.com,
www.youtube.com,
www.youtube.com,
www.youtube.com,
www.youtube.com,
www.youtube.com,
www.youtube.com,
www.youtube.com,
www.youtube.com,
www.youtube.com,
www.youtube.com,
www.youtube.com,
www.youtube.com,
www.youtube.com,
www.youtube.com,
www.youtube.com,
www.youtube.com,
www.youtube.com,
www.youtube.com,
www.youtube.com,
www.youtube.com,
www.youtube.com,
www.youtube.com,
www.youtube.com,
www.youtube.com,
www.youtube.com,
www.youtube.com,
www.youtube.com,
www.youtube.com,
www.youtube.com,
www.youtube.com,
www.youtube.com,
www.youtube.com,
www.youtube.com,
www.youtube.com,
www.youtube.com,
www.youtube.com,
www.youtube.com,
www.youtube.com,
www.youtube.com,
www.youtube.com,
www.youtube.com,
www.youtube.com,
www.youtube.com,
www.youtube.com,
www.youtube.com,
www.youtube.com,
www.youtube.com,
www.youtube.com,
www.youtube.com,
www.youtube.com,
www.youtube.com,
www.youtube.com,
www.youtube.com,
www.youtube.com,
www.youtube.com,
www.youtube.com,
www.youtube.com,
www.youtube.com,
www.youtube.com,
www.youtube.com,
www.youtube.com,
www.youtube.com,
www.youtube.com,
www.youtube.com,
www.youtube.com,
www.youtube.com,
www.youtube.com,
www.youtube.com,
www.youtube.com,
www.youtube.com,
www.youtube.com,
www.youtube.com,
www.youtube.com,
www.youtube.com,
www.youtube.com,
www.youtube.com,
www.youtube.com,
www.youtube.com,
www.youtube.com,
www.youtube.com,
www.youtube.com,
www.youtube.com,
www.youtube.com,
www.youtube.com,
www.youtube.com,
www.youtube.com,
www.youtube.com,
www.youtube.com,
www.youtube.com,
www.youtube.com,
www.youtube.com,
www.youtube.com,
www.youtube.com,
www.youtube.com,
www.youtube.com,
www.youtube.com,
www.youtube.com,
www.youtube.com,
www.youtube.com,
www.youtube.com,
www.youtube.com,
www.youtube.com,
www.youtube.com,
www.youtube.com,
www.youtube.com,
www.youtube.com,
www.youtube.com,
www.youtube.com,
www.youtube.com,
www.youtube.com,
www.youtube.com,
www.youtube.com,
www.youtube.com,
www.youtube.com,
www.youtube.com,
www.youtube.com,
www.youtube.com,
www.youtube.com,
www.youtube.com,
www.youtube.com,
www.youtube.com,
www.youtube.com,
www.youtube.com,
www.youtube.com,
www.youtube.com,
www.youtube.com,
www.youtube.com,
www.youtube.com,
www.youtube.com,
www.youtube.com,
www.youtube.com,
www.youtube.com,
www.youtube.com,
www.youtube.com,
www.youtube.com,
www.youtube.com,
www.youtube.com,
www.youtube.com,
www.youtube.com,
www.youtube.com,
www.youtube.com,
www.youtube.com,
www.youtube.com,
www.youtube.com,
www.youtube.com,
www.youtube.com,
www.youtube.com,
www.youtube.com,
www.youtube.com,
www.youtube.com,
www.youtube.com,
www.youtube.com,
www.youtube.com,
www.youtube.com,
www.youtube.com,
www.youtube.com,
www.youtube.com,
www.youtube.com,
www.youtube.com,
www.youtube.com,
www.youtube.com,
www.youtube.com,
www.youtube.com,
www.youtube.com,
www.youtube.com,
www.youtube.com,
www.youtube.com,
www.youtube.com,
www.youtube.com,
www.youtube.com,
www.youtube.com,
www.youtube.com,
www.youtube.com,
www.youtube.com,
www.youtube.com,
www.youtube.com,
www.youtube.com,
www.youtube.com,
www.youtube.com,
www.youtube.com,
www.youtube.com,
www.youtube.com,
www.youtube.com,
www.youtube.com,
www.youtube.com,
www.youtube.com,
www.youtube.com,
www.youtube.com,
www.youtube.com,
www.youtube.com,
www.youtube.com,
www.youtube.com,
www.youtube.com,
www.youtube.com,
www.youtube.com,
www.youtube.com,
www.youtube.com,
www.youtube.com,
www.youtube.com,
www.youtube.com,
www.youtube.com,
www.youtube.com,
www.youtube.com,
www.youtube.com,
www.youtube.com,
www.youtube.com,
www.youtube.com,
www.youtube.com,
www.youtube.com,
www.youtube.com,
www.youtube.com,
www.youtube.com,
www.youtube.com,
www.youtube.com,
www.youtube.com,
www.youtube.com,
www.youtube.com,
www.youtube.com,
www.youtube.com,
www.youtube.com,
www.youtube.com,
www.youtube.com,
www.youtube.com,
www.youtube.com,
www.youtube.com,
www.youtube.com,
www.youtube.com,
www.youtube.com,
www.youtube.com,
www.youtube.com,
www.youtube.com,
www.youtube.com,
www.youtube.com,
www.youtube.com,
www.youtube.com,
www.youtube.com,
www.youtube.com,
www.youtube.com,
www.youtube.com,
www.youtube.com,
www.youtube.com,
www.youtube.com,
www.youtube.com,
www.youtube.com,
www.youtube.com,
www.youtube.com,
www.youtube.com,
www.youtube.com,
www.youtube.com,
www.youtube.com,
www.youtube.com,
www.youtube.com,
www.youtube.com,
www.youtube.com,
www.youtube.com,
www.youtube.com,
www.youtube.com,
www.youtube.com,
www.youtube.com,
www.youtube.com,
www.youtube.com,
www.youtube.com,
www.youtube.com,
www.youtube.com,
www.youtube.com,
www.youtube.com,
www.youtube.com,
www.youtube.com,
www.youtube.com,
www.youtube.com,
www.youtube.com,
www.youtube.com,
www.youtube.com,
www.youtube.com,
www.youtube.com,
www.youtube.com,
www.youtube.com,
www.youtube.com,
www.youtube.com,
www.youtube.com,
www.youtube.com,
www.youtube.com,
www.youtube.com,
www.youtube.com,
www.youtube.com,
www.youtube.com,
www.youtube.com,
www.youtube.com,
www.youtube.com,
www.youtube.com,
www.youtube.com,
www.youtube.com,
www.youtube.com,
www.youtube.com,
www.youtube.com,
www.youtube.com,
www.youtube.com,
www.youtube.com,
www.youtube.com,
www.youtube.com,
www.youtube.com,
www.youtube.com,
www.youtube.com,
www.youtube.com,
www.youtube.com,
www.youtube.com,
www.youtube.com,
www.youtube.com,
www.youtube.com,
www.youtube.com,
www.youtube.com,
www.youtube.com,
www.youtube.com,
www.youtube.com,
www.youtube.com,
www.youtube.com,
www.youtube.com,
www.youtube.com,
www.youtube.com,
www.youtube.com,
www.youtube.com,
www.youtube.com,
www.youtube.com,
www.youtube.com,
www.youtube.com,
www.youtube.com,
www.youtube.com,
www.youtube.com,
www.youtube.com,
www.youtube.com,
www.youtube.com,
www.youtube.com,
www.youtube.com,
www.youtube.com,
www.youtube.com,
www.youtube.com,
www.youtube.com,
www.youtube.com,
www.youtube.com,
www.youtube.com,
www.youtube.com,
www.youtube.com,
www.youtube.com,
www.youtube.com,
www.youtube.com,
www.youtube.com,
www.youtube.com,
www.youtube.com,
www.youtube.com,
www.youtube.com,
www.youtube.com,
www.youtube.com,
www.youtube.com,
www.youtube.com,
www.youtube.com,
www.youtube.com,
www.youtube.com,
www.youtube.com,
www.youtube.com,
www.youtube.com,
www.youtube.com,
www.youtube.com,
www.youtube.com,
www.youtube.com,
www.youtube.com,
www.youtube.com,
www.youtube.com,
www.youtube.com,
www.youtube.com,
www.youtube.com,
www.youtube.com,
www.youtube.com,
www.youtube.com,
www.youtube.com,
www.youtube.com,
www.youtube.com,
www.youtube.com,
www.youtube.com,
www.youtube.com,
www.youtube.com,
www.youtube.com,
www.youtube.com,
www.youtube.com,
www.youtube.com,
www.youtube.com,
www.youtube.com,
www.youtube.com,
www.youtube.com,
www.youtube.com,
www.youtube.com,
www.youtube.com,
www.youtube.com,
www.youtube.com,
www.youtube.com,
www.youtube.com,
www.youtube.com,
www.youtube.com,
www.youtube.com,
www.youtube.com,
www.youtube.com,
www.youtube.com,
www.youtube.com,
www.youtube.com,
www.youtube.com,
www.youtube.com,
www.youtube.com,
www.youtube.com,
www.youtube.com,
www.youtube.com,
www.youtube.com,
www.youtube.com,
www.youtube.com,
www.youtube.com,
www.youtube.com,
www.youtube.com,
www.youtube.com,
www.youtube.com,
www.youtube.com,
www.youtube.com,
www.youtube.com,
www.youtube.com,
www.youtube.com,
www.youtube.com,
www.youtube.com,
www.youtube.com,
www.youtube.com,
www.youtube.com,
www.youtube.com,
www.youtube.com,
www.youtube.com,
www.youtube.com,
www.youtube.com,
www.youtube.com,
www.youtube.com,
www.youtube.com,
www.youtube.com,
www.youtube.com,
www.youtube.com,
www.youtube.com,
www.youtube.com,
www.youtube.com,
www.youtube.com,
www.youtube.com,
www.youtube.com,
www.youtube.com,
www.youtube.com,
www.youtube.com,
www.youtube.com,
www.youtube.com,
www.youtube.com,
www.youtube.com,
www.youtube.com,
www.youtube.com,
www.youtube.com,
www.youtube.com,
www.youtube.com,
www.youtube.com,
www.youtube.com,
www.youtube.com,
www.youtube.com,
www.youtube.com,
www.youtube.com,
www.youtube.com,
www.youtube.com,
www.youtube.com,
www.youtube.com,
www.youtube.com,
www.youtube.com,
www.youtube.com,
www.youtube.com,
www.youtube.com,
www.youtube.com,
www.youtube.com,
www.youtube.com,
www.youtube.com,
www.youtube.com,
www.youtube.com,
www.youtube.com,
www.youtube.com,
www.youtube.com,
www.youtube.com,
www.youtube.com,
www.youtube.com,
www.youtube.com,
www.youtube.com,
www.youtube.com,
www.youtube.com,
www.youtube.com,
www.youtube.com,
www.youtube.com,
www.youtube.com,
www.youtube.com,
www.youtube.com,
www.youtube.com,
www.youtube.com,
www.youtube.com,
www.youtube.com,
www.youtube.com,
www.youtube.com,
www.youtube.com,
www.youtube.com,
www.youtube.com,
www.youtube.com,
www.youtube.com,
www.youtube.com,
www.youtube.com,
www.youtube.com,
www.youtube.com,
www.youtube.com,
www.youtube.com,
www.youtube.com,
www.youtube.com,
www.youtube.com,
www.youtube.com,
www.youtube.com,
www.youtube.com,
www.youtube.com,
www.youtube.com,
www.youtube.com,
www.youtube.com,
www.youtube.com,
www.youtube.com,
www.youtube.com,
www.youtube.com,
www.youtube.com,
www.youtube.com,
www.youtube.com,
www.youtube.com,
www.youtube.com,
www.youtube.com,
www.youtube.com,
www.youtube.com,
www.youtube.com,
www.youtube.com,
www.youtube.com,
www.youtube.com,
www.youtube.com,
www.youtube.com,
www.youtube.com,
www.youtube.com,
www.youtube.com,
www.youtube.com,
www.youtube.com,
www.youtube.com,
www.youtube.com,
www.youtube.com,
www.youtube.com,
www.youtube.com,
www.youtube.com,
www.youtube.com,
www.youtube.com,
www.youtube.com,
www.youtube.com,
www.youtube.com,
www.youtube.com,
www.youtube.com,
www.youtube.com,
www.youtube.com,
www.youtube.com,
www.youtube.com,
www.youtube.com,
www.youtube.com,
www.youtube.com,
www.youtube.com,
www.youtube.com,
www.youtube.com,
www.youtube.com,
www.youtube.com,
www.youtube.com,
www.youtube.com,
www.youtube.com,
www.youtube.com,
www.youtube.com,
www.youtube.com,
www.youtube.com,
www.youtube.com,
www.youtube.com,
www.youtube.com,
www.youtube.com,
www.youtube.com,
www.youtube.com,
www.youtube.com,
www.youtube.com,
www.youtube.com,
www.youtube.com,
www.youtube.com,
www.youtube.com,
www.youtube.com,
www.youtube.com,
www.youtube.com,
www.youtube.com,
www.youtube.com,
www.youtube.com,
www.youtube.com,
www.youtube.com,
www.youtube.com,
www.youtube.com,
www.youtube.com,
www.youtube.com,
www.youtube.com,
www.youtube.com,
www.youtube.com,
www.youtube.com,
www.youtube.com,
www.youtube.com,
www.youtube.com,
www.youtube.com,
www.youtube.com,
www.youtube.com,
www.youtube.com,
www.youtube.com,
www.youtube.com,
www.youtube.com,
www.youtube.com,
www.youtube.com,
www.youtube.com,
www.youtube.com,
www.youtube.com,
www.youtube.com,
www.youtube.com,
www.youtube.com,
www.youtube.com,
www.youtube.com,
www.youtube.com,
www.youtube.com,
www.youtube.com,
www.youtube.com,
www.youtube.com,
www.youtube.com,
www.youtube.com,
www.youtube.com,
www.youtube.com,
www.youtube.com,
www.youtube.com,
www.youtube.com,
www.youtube.com,
www.youtube.com,
www.youtube.com,
www.youtube.com,
www.youtube.com,
www.youtube.com,
www.youtube.com,
www.youtube.com,
www.youtube.com,
www.youtube.com,
www.youtube.com,
www.youtube.com,
www.youtube.com,
www.youtube.com,
www.youtube.com,
www.youtube.com,
www.youtube.com,
www.youtube.com,
www.youtube.com,
www.youtube.com,
www.youtube.com,
www.youtube.com,
www.youtube.com,
www.youtube.com,
www.youtube.com,
www.youtube.com,
www.youtube.com,
www.youtube.com,
www.youtube.com,
www.youtube.com,
www.youtube.com,
www.youtube.com,
www.youtube.com,
www.youtube.com,
www.youtube.com,
www.youtube.com,
www.youtube.com,
www.youtube.com,
www.youtube.com,
www.youtube.com,
www.youtube.com,
www.youtube.com,
www.youtube.com,
www.youtube.com,
www.youtube.com,
www.youtube.com,
www.youtube.com,
www.youtube.com,
www.youtube.com,
www.youtube.com,
www.youtube.com,
www.youtube.com,
www.youtube.com,
www.youtube.com,
www.youtube.com,
www.youtube.com,
www.youtube.com,
www.youtube.com,
www.youtube.com,
www.youtube.com,
www.youtube.com,
www.youtube.com,
www.youtube.com,
www.youtube.com,
www.youtube.com,
www.youtube.com,
www.youtube.com,
www.youtube.com,
www.youtube.com,
www.youtube.com,
www.youtube.com,
www.youtube.com,
www.youtube.com,
www.youtube.com,
www.youtube.com,
www.youtube.com,
www.youtube.com,
www.youtube.com,
www.youtube.com,
www.youtube.com,
www.youtube.com,
www.youtube.com,
www.youtube.com,
www.youtube.com,
www.youtube.com,
www.youtube.com,
www.youtube.com,
www.youtube.com,
www.youtube.com,
www.youtube.com,
www.youtube.com,
www.youtube.com,
www.youtube.com,
www.youtube.com,
www.youtube.com,
www.youtube.com,
www.youtube.com,
www.youtube.com,
www.youtube.com,
www.youtube.com,
www.youtube.com,
www.youtube.com,
www.youtube.com,
www.youtube.com,
www.youtube.com,
www.youtube.com,
www.youtube.com,
www.youtube.com,
www.youtube.com,
www.youtube.com,
www.youtube.com,
www.youtube.com,
www.youtube.com,
www.youtube.com,
www.youtube.com,
www.youtube.com,
www.youtube.com,
www.youtube.com,
www.youtube.com,
www.youtube.com,
www.youtube.com,
www.youtube.com,
www.youtube.com,
www.youtube.com,
www.youtube.com,
www.youtube.com,
www.youtube.com,
www.youtube.com,
www.youtube.com,
www.youtube.com,
www.youtube.com,
www.youtube.com,
www.youtube.com,
www.youtube.com,
www.youtube.com,
www.youtube.com,
www.youtube.com,
www.youtube.com,
www.youtube.com,
www.youtube.com,
www.youtube.com,
www.youtube.com,
www.youtube.com,
www.youtube.com,
www.youtube.com,
www.youtube.com,
www.youtube.com,
www.youtube.com,
www.youtube.com,
www.youtube.com,
www.youtube.com,
www.youtube.com,
www.youtube.com,
www.youtube.com,
www.youtube.com,
www.youtube.com,
www.youtube.com,
www.youtube.com,
www.youtube.com,
www.youtube.com,
www.youtube.com,
www.youtube.com,
www.youtube.com,
www.youtube.com,
www.youtube.com,
www.youtube.com,
www.youtube.com,
www.youtube.com,
www.youtube.com,
www.youtube.com,
www.youtube.com,
www.youtube.com,
www.youtube.com,
www.youtube.com,
www.youtube.com,
www.youtube.com,
www.youtube.com,
www.youtube.com,
www.youtube.com,
www.youtube.com,
www.youtube.com,
www.youtube.com,
www.youtube.com,
www.youtube.com,
www.youtube.com,
www.youtube.com,
www.youtube.com,
www.youtube.com,
www.youtube.com,
www.youtube.com,
www.youtube.com,
www.youtube.com,
www.youtube.com,
www.youtube.com,
www.youtube.com,
www.youtube.com,
www.youtube.com,
www.youtube.com,
www.youtube.com,
www.youtube.com,
www.youtube.com,
www.youtube.com,
www.youtube.com,
www.youtube.com,
www.youtube.com,
www.youtube.com,
www.youtube.com,
www.youtube.com,
www.youtube.com,
